step,tokens,train_loss,train_probe_loss,val_loss,lr,grad_norm,train_seconds,elapsed_seconds,step_seconds,tokens_per_second,peak_allocated_gib,unit_norm_max_error,alpha_attn_mean,s_z_mean
0,0,,3.473525047302246,3.469343900680542,0.0,,0.0,0.009959772000001976,,,,2.980232238769531e-07,0.05,1.0
1,128,3.468912363052368,,,0.003,0.309919536113739,0.010213363999923786,0.020515753000040604,0.010213363999923786,12532.599445291009,0.0,,,
2,256,3.4179399013519287,,,0.0029992448135747777,0.2972290813922882,0.02026074899993091,0.03062897699999212,0.010047385000007125,12739.633247846004,0.0,,,
3,384,3.364504814147949,,,0.0029969800147078268,0.33457106351852417,0.029482798999993065,0.03990473800001837,0.009222050000062154,13879.777272855526,0.0,,,
4,512,3.3299190998077393,,,0.002993207883859627,0.3423521816730499,0.03843723600004978,0.048910642999999254,0.008954437000056714,14294.589374986868,0.0,,,
5,640,3.240969657897949,,,0.0029879322192461933,0.4426904320716858,0.0472687380000707,0.05778886500002045,0.008831502000020919,14493.570855749884,0.0,,,
6,768,3.205092430114746,,,0.0029811583330145914,0.4433259069919586,0.056401665000066714,0.06696209200003977,0.009132926999996016,14015.222064082614,0.0,,,
7,896,3.164525270462036,,,0.00297289304589406,0.4795745611190796,0.06597903300007602,0.07659152799999447,0.009577368000009301,13364.840945850226,0.0,,,
8,1024,3.1047909259796143,,,0.0029631446803281107,0.5566473007202148,0.07517907200008267,0.08585169799994219,0.009200039000006655,13912.984499294776,0.0,,,
9,1152,3.093818187713623,,,0.002951923052094535,0.564083456993103,0.08437865000007605,0.09510264400000779,0.00919957799999338,13913.681692800703,0.0,,,
10,1280,3.0185976028442383,2.985326647758484,2.9831191301345825,0.0029392394604217465,0.6728965640068054,0.09349033700004838,0.11266524999996363,0.009111686999972335,14047.892558248393,0.0,2.980232238769531e-07,0.05419583320617676,1.1188267469406128
11,1408,2.9727783203125,,,0.002925106676611418,0.6942645311355591,0.10249387900012152,0.12171064599999681,0.00900354200007314,14216.627189495002,0.0,,,
12,1536,2.9303760528564453,,,0.002909538931178863,0.7111322283744812,0.11137780200010639,0.13064278100000593,0.008883922999984861,14408.04923683131,0.0,,,
13,1664,2.9209723472595215,,,0.002892551899524109,0.702224612236023,0.12006188300006215,0.13937424400000964,0.008684080999955768,14739.613783041863,0.0,,,
14,1792,2.8473892211914062,,,0.0028741626861481045,0.9227825999259949,0.12872209900001508,0.1480781750000233,0.008660215999952925,14780.231809540985,0.0,,,
15,1920,2.8217580318450928,,,0.002854389807429932,0.8065692186355591,0.13750267600005373,0.15690122599994538,0.008780577000038647,14577.62969329198,0.0,,,
16,2048,2.7483232021331787,,,0.0028332531729823853,0.8503909111022949,0.14669619500000408,0.16613333400005104,0.009193518999950356,13922.8515218918,0.0,,,
17,2176,2.740544080734253,,,0.0028107740656046778,0.8438572883605957,0.1556811809999772,0.17516352699999516,0.008984985999973105,14245.987695515958,0.0,,,
18,2304,2.6657962799072266,,,0.0027869751198524658,0.9576196670532227,0.16502996400004122,0.1845672829999785,0.009348783000064032,13691.621679433923,0.0,,,
19,2432,2.656559467315674,,,0.002761880299246772,1.004873514175415,0.17404470400003902,0.19363137699997424,0.0090147399999978,14198.96746883784,0.0,,,
20,2560,2.6015172004699707,2.577881336212158,2.578260898590088,0.0027355148721447493,0.9539992213249207,0.18293175200005862,0.21087619399997948,0.008887048000019604,14402.982857718069,0.0,2.980232238769531e-07,0.06347451210021973,1.3257834911346436
21,2688,2.564328670501709,,,0.002707905386296588,1.007251501083374,0.19216050400007134,0.22014812199995504,0.009228752000012719,13869.697657909064,0.0,,,
22,2816,2.5025930404663086,,,0.0026790796421141813,1.0360318422317505,0.20090614800005824,0.2289987540000311,0.008745643999986896,14635.857576662369,0.0,,,
23,2944,2.4539389610290527,,,0.002649066664678467,1.0473599433898926,0.2083574310000813,0.236487043000011,0.007451283000023068,17178.24970540023,0.0,,,
24,3072,2.4714200496673584,,,0.002617896674513632,1.066016435623169,0.21534030800000892,0.24351921400000265,0.006982876999927612,18330.55343826433,0.0,,,
25,3200,2.465000629425049,,,0.0025856010571576053,1.015305519104004,0.22295392499995614,0.25117669799999476,0.007613616999947226,16811.983056264486,0.0,,,
26,3328,2.3616464138031006,,,0.002552212331559482,1.0962225198745728,0.2306220249998887,0.258883505999961,0.007668099999932565,16692.531396450966,0.0,,,
27,3456,2.379951000213623,,,0.0025177641173356985,1.1207821369171143,0.23869428399984827,0.2669963859999598,0.008072258999959558,15856.77565606372,0.0,,,
28,3584,2.272808074951172,,,0.002482291100917928,1.1195496320724487,0.24594631599984496,0.2742873879999479,0.007252031999996689,17650.225481638587,0.0,,,
29,3712,2.325650453567505,,,0.002445829000626784,1.145775318145752,0.253093930999853,0.2814757639999925,0.007147615000008045,17908.07143359791,0.0,,,
30,3840,2.2720894813537598,2.26214599609375,2.2658817768096924,0.0024084145307065,1.1393338441848755,0.2599778479998349,0.29554757699997936,0.0068839169999819205,18594.064977880495,0.0,2.980232238769531e-07,0.07300976514816285,1.527228593826294
31,3968,2.2438297271728516,,,0.0023700853643567974,1.1463955640792847,0.2676978859998371,0.30330317899995407,0.007720038000002205,16580.229268296793,0.0,,,
32,4096,2.1912503242492676,,,0.0023308800957991655,1.195205807685852,0.2748855409997759,0.3105292420000296,0.007187654999938786,17808.311612214293,0.0,,,
33,4224,2.230290412902832,,,0.0022908382014157538,1.1420015096664429,0.2818872359997613,0.31756672100004835,0.007001694999985375,18281.287602540153,0.0,,,
34,4352,2.1469173431396484,,,0.0022500000000000003,1.1368640661239624,0.28902387399966756,0.32474012600005153,0.00713663799990627,17935.616182533162,0.0,,,
35,4480,2.141375780105591,,,0.0022084066121590244,1.1285560131072998,0.2963794729996607,0.3321395499999653,0.007355598999993163,17401.70990834587,0.0,,,
36,4608,2.1394238471984863,,,0.0021660999189086613,1.1489288806915283,0.30331117299965626,0.3391081459999441,0.006931699999995544,18465.88859876831,0.0,,,
37,4736,2.120422840118408,,,0.00212312251950283,1.1672219038009644,0.3103598789997477,0.346193846999995,0.0070487060000914425,18159.361448518277,0.0,,,
38,4864,2.086782455444336,,,0.0020795176885396926,1.1498241424560547,0.3182850969997162,0.3541865769999504,0.007925217999968481,16150.975279230055,0.0,,,
39,4992,2.0315346717834473,,,0.0020353293323878076,1.1749157905578613,0.3257481779997988,0.36169099899996127,0.007463081000082639,17151.093495914443,0.0,,,
40,5120,2.0140838623046875,2.047578454017639,2.052069902420044,0.0019906019449761328,1.1717545986175537,0.332865206999827,0.376001653000003,0.007117029000028197,17985.032799429773,0.0,2.384185791015625e-07,0.08083542585372926,1.7002716064453125
41,5248,2.0165622234344482,,,0.0019453805629924125,1.192279577255249,0.3402043709997997,0.38337610999997196,0.007339163999972698,17440.678529663073,0.0,,,
42,5376,1.9728418588638306,,,0.0018997107205350524,1.1695958375930786,0.3476216819998399,0.390831669000022,0.007417311000040172,17256.92774636344,0.0,,,
43,5504,1.9446839094161987,,,0.0018536384032641412,1.1744732856750488,0.35525267599985,0.3985004600000366,0.007630994000010105,16773.699468225306,0.0,,,
44,5632,1.9802991151809692,,,0.0018072100020977862,1.2566521167755127,0.36638428699984615,0.4096762279999666,0.011131610999996155,11498.78485693079,0.0,,,
45,5760,2.035404682159424,,,0.0017604722665003959,1.1341854333877563,0.3763319929997806,0.4196843949999902,0.009947705999934442,12867.288196981652,0.0,,,
46,5888,1.8902825117111206,,,0.001713472257409928,1.1998982429504395,0.38618820099975437,0.42959750900001836,0.009856207999973776,12986.738916258724,0.0,,,
47,6016,1.9434869289398193,,,0.0016662572998515166,1.1856015920639038,0.3962551669997083,0.4397242060000508,0.010066965999953936,12714.853710699499,0.0,,,
48,6144,1.9004343748092651,,,0.0016188749352851826,1.1622233390808105,0.40588059699973655,0.4494086849999803,0.009625430000028246,13298.107201405484,0.0,,,
49,6272,1.8659054040908813,,,0.0015713728737356137,1.180284857749939,0.41560370399975,0.4592098599999872,0.009723107000013442,13164.516239492483,0.0,,,
50,6400,1.873412847518921,1.9068525433540344,1.9121354222297668,0.001523798945752212,1.238903284072876,0.42513056699976914,0.4773799519999784,0.009526863000019148,13435.69231548126,0.0,2.980232238769531e-07,0.08644665479660035,1.8373512029647827
51,6528,1.8541882038116455,,,0.001476201054247788,1.2760088443756104,0.4347818659997529,0.4913657060000105,0.009651298999983737,13262.463425930093,0.0,,,
52,6656,1.8174874782562256,,,0.0014286271262643866,1.1994383335113525,0.44413719899966964,0.5007683699999461,0.009355332999916754,13682.035690353188,0.0,,,
53,6784,1.8708250522613525,,,0.001381125064714817,1.125321865081787,0.4529871999995976,0.5096654029999854,0.008850000999927943,14463.275202007568,0.0,,,
54,6912,1.9041553735733032,,,0.0013337427001484836,1.1052358150482178,0.46176349999961985,0.5184844980000207,0.008776300000022275,14584.733885541189,0.0,,,
55,7040,1.79912269115448,,,0.0012865277425900725,1.1680502891540527,0.47054491799963216,0.5273066070000141,0.008781418000012309,14576.233587766872,0.0,,,
56,7168,1.8060758113861084,,,0.0012395277334996046,1.1915260553359985,0.478348837999647,0.5351534310000261,0.007803920000014841,16402.013347107168,0.0,,,
57,7296,1.8300516605377197,,,0.0011927899979022143,1.1793583631515503,0.48512688599964804,0.5419643589999623,0.006778048000001036,18884.492998571335,0.0,,,
58,7424,1.855725884437561,,,0.001146361596735859,1.1310150623321533,0.49178134699968723,0.5486546150000322,0.006654461000039191,19235.216796558903,0.0,,,
59,7552,1.834111213684082,,,0.0011002892794649477,1.1940453052520752,0.4981803329997092,0.5550872310000159,0.006398986000021978,20003.16925205968,0.0,,,
60,7680,1.865427017211914,1.8180070519447327,1.8240406513214111,0.0010546194370075882,1.1748030185699463,0.5049822969997422,0.5688081659999398,0.006801964000032967,18818.09430326,0.0,2.980232238769531e-07,0.08987851738929749,1.9356768131256104
61,7808,1.7605818510055542,,,0.0010093980550238675,1.1662929058074951,0.5127817349996349,0.5766408340000453,0.007799437999892689,16411.438875693497,0.0,,,
62,7936,1.8122448921203613,,,0.0009646706676121924,1.1223762035369873,0.5201314449996062,0.5840295120000292,0.00734970999997131,17415.65313468146,0.0,,,
63,8064,1.7761390209197998,,,0.0009204823114603069,1.1292322874069214,0.5281010189996778,0.5920404490000237,0.007969574000071589,16061.08431879172,0.0,,,
64,8192,1.7644541263580322,,,0.0008768774804971706,1.1502939462661743,0.5388561719996687,0.6028537900000401,0.010755152999990969,11901.271883357445,0.0,,,
65,8320,1.8487739562988281,,,0.0008339000810913388,1.1686511039733887,0.549681560999602,0.6137402020000309,0.010825388999933239,11824.055468195129,0.0,,,
66,8448,1.7803802490234375,,,0.0007915933878409761,1.141767144203186,0.5608578189995796,0.624977031999947,0.011176257999977679,11452.84942422192,0.0,,,
67,8576,1.791815161705017,,,0.0007500000000000003,1.1932792663574219,0.5738071449995914,0.6379902539999875,0.012949326000011752,9884.684345724545,0.0,,,
68,8704,1.797688364982605,,,0.0007091617985842463,1.1930022239685059,0.5852314579996118,0.6494851429999926,0.011424313000020447,11204.17481556842,0.0,,,
69,8832,1.7982810735702515,,,0.0006691199042008347,1.177513599395752,0.5955821719995811,0.6599033879999752,0.01035071399996923,12366.296663242798,0.0,,,
70,8960,1.6947894096374512,1.766196072101593,1.7720162868499756,0.000629914635643203,1.2196674346923828,0.6058726139995088,0.679066057,0.01029044199992768,12438.727121818438,0.0,3.5762786865234375e-07,0.09159796237945557,1.9981205463409424
71,9088,1.7199922800064087,,,0.0005915854692935003,1.1615164279937744,0.615617964999501,0.6888585289999583,0.009745350999992297,13134.467911940901,0.0,,,
72,9216,1.7677099704742432,,,0.0005541709993732168,1.1938116550445557,0.6249299129995052,0.6982265809999717,0.009311948000004122,13745.781226435472,0.0,,,
73,9344,1.7326219081878662,,,0.0005177088990820725,1.1371818780899048,0.63420602699955,0.707553221000012,0.0092761140000448,13798.881729933657,0.0,,,
74,9472,1.6937072277069092,,,0.0004822358826643019,1.1448333263397217,0.6431578419995958,0.7165544209999553,0.008951815000045826,14298.776281608225,0.0,,,
75,9600,1.697375774383545,,,0.00044778766844051794,1.150641918182373,0.6520245379996368,0.7254852639999854,0.008866696000040974,14436.042467161216,0.0,,,
76,9728,1.7168715000152588,,,0.0004143989428423947,1.149006962776184,0.6609113649997198,0.7344172289999733,0.00888682700008303,14403.341034860257,0.0,,,
77,9856,1.7338049411773682,,,0.000382103325486368,1.2170411348342896,0.6709686559996726,0.7445529489999672,0.010057290999952784,12727.0852559204,0.0,,,
78,9984,1.756738543510437,,,0.0003509333353215332,1.1015994548797607,0.6799345319997201,0.7535723959999814,0.008965876000047501,14276.35180313913,0.0,,,
79,10112,1.6994259357452393,,,0.00032092035788581905,1.1582342386245728,0.6888739989997248,0.7625592739999547,0.008939467000004697,14318.527044166363,0.0,,,
80,10240,1.6813372373580933,1.7397398948669434,1.7451564073562622,0.00029209461370341205,1.1742277145385742,0.6978565899997875,0.7800183230000357,0.008982591000062712,14249.786058288346,0.0,2.384185791015625e-07,0.09235786795616151,2.031053304672241
81,10368,1.6375343799591064,,,0.000264485127855251,1.1560300588607788,0.7073407479997513,0.7895497319999549,0.009484157999963827,13496.19017318018,0.0,,,
82,10496,1.6183804273605347,,,0.00023811970075322803,1.1600946187973022,0.7166123339998194,0.7988760319999528,0.009271586000068055,13805.62074267126,0.0,,,
83,10624,1.7423654794692993,,,0.00021302488014753442,1.282845139503479,0.7264339499997732,0.8087557449999849,0.009821615999953792,13032.478565706722,0.0,,,
84,10752,1.758391261100769,,,0.0001892259343953226,1.0780441761016846,0.7360933119997526,0.8184776309999506,0.00965936199997941,13251.392793879435,0.0,,,
85,10880,1.700255274772644,,,0.00016674682701761496,1.2364715337753296,0.7467393109997147,0.8291789940000172,0.010645998999962103,12023.296263737733,0.0,,,
86,11008,1.6238248348236084,,,0.0001456101925700684,1.1515097618103027,0.7593418389997169,0.8418357639999385,0.012602528000002167,10156.692371560532,0.0,,,
87,11136,1.7063900232315063,,,0.00012583731385189563,1.1360398530960083,0.7671537059997036,0.8496985470000027,0.007811866999986705,16385.327604811737,0.0,,,
88,11264,1.685325264930725,,,0.00010744810047589115,1.1380579471588135,0.7741357709998056,0.8567219450000039,0.006982065000102011,18332.68524399728,0.0,,,
89,11392,1.7107669115066528,,,9.046106882113752e-05,1.1169545650482178,0.7821924159998161,0.8648158559999501,0.008056645000010576,15887.506524096814,0.0,,,
90,11520,1.7576777935028076,1.72990220785141,1.7352556586265564,7.489332338858202e-05,1.1188198328018188,0.7896120419998169,0.8796417869999686,0.00741962600000079,17251.543406633486,0.0,2.980232238769531e-07,0.09260875582695008,2.043316125869751
91,11648,1.6994818449020386,,,6.0760539578254115e-05,1.1252095699310303,0.8012844389998008,0.8913513490000469,0.011672396999983903,10966.042364749634,0.0,,,
92,11776,1.6605840921401978,,,4.8076947905465626e-05,1.1332011222839355,0.8105746849997786,0.9007052910000084,0.009290245999977742,13777.891349734622,0.0,,,
93,11904,1.6985416412353516,,,3.685531967188943e-05,1.1954095363616943,0.8195660099997895,0.9097548129999495,0.008991325000010875,14235.944090536734,0.0,,,
94,12032,1.6796300411224365,,,2.710695410593994e-05,1.1365582942962646,0.8282657449998396,0.9185071670000298,0.008699735000050168,14713.091835471065,0.0,,,
95,12160,1.7152601480484009,,,1.884166698540857e-05,1.092871069908142,0.837079561999758,0.927367524000033,0.008813816999918345,14522.652331128029,0.0,,,
96,12288,1.7705607414245605,,,1.206778075380699e-05,1.135828971862793,0.8463459809997858,0.9366874940000116,0.009266419000027781,13813.318823551606,0.0,,,
97,12416,1.7303866147994995,,,6.792116140373117e-06,1.0967686176300049,0.8552050569998073,0.945601502000045,0.00885907600002156,14448.459410404483,0.0,,,
98,12544,1.6793893575668335,,,3.0199852921735104e-06,1.154275894165039,0.8640592649998098,0.9545032620000029,0.008854208000002473,14456.40310234007,0.0,,,
99,12672,1.7240777015686035,,,7.551864252223761e-07,1.1259150505065918,0.8730927319998045,0.9635847119999426,0.009033466999994744,14169.53203018005,0.0,,,
100,12800,1.721334457397461,1.7285835146903992,1.733932077884674,0.0,1.1871238946914673,0.882348564999802,0.9816862699999547,0.009255832999997438,13829.117271242409,0.0,1.7881393432617188e-07,0.09263699054718018,2.0449492931365967
